{"cameraMode":{"drawMode":0,"name":"Shaded","section":"Shading Mode"},"sceneLighting":false,"audioPlay":false,"sceneViewState":{"m_AlwaysRefresh":false,"showFog":true,"showSkybox":false,"showFlares":true,"showImageEffects":true,"showParticleSystems":true,"showVisualEffectGraphs":true,"m_FxEnabled":true},"in2DMode":false,"pivot":{"x":-0.2551746368408203,"y":1.1181766986846924,"z":2.7113771438598635},"rotation":{"x":-0.023477159440517427,"y":-0.36953070759773257,"z":-0.009383928962051869,"w":0.9297674894332886},"size":3.8920505046844484,"orthographic":false}